{
  "Total" : {
    "transaction" : "Total",
    "sampleCount" : 1000,
    "errorCount" : 1000,
    "errorPct" : 100.0,
    "meanResTime" : 76711.69600000001,
    "medianResTime" : 76667.0,
    "minResTime" : 76662.0,
    "maxResTime" : 76948.0,
    "pct1ResTime" : 76858.7,
    "pct2ResTime" : 76913.0,
    "pct3ResTime" : 76923.99,
    "throughput" : 12.898232942086933,
    "receivedKBytesPerSec" : 34.24833532181091,
    "sentKBytesPerSec" : 0.0
  },
  "Home" : {
    "transaction" : "Home",
    "sampleCount" : 1000,
    "errorCount" : 1000,
    "errorPct" : 100.0,
    "meanResTime" : 76711.69600000001,
    "medianResTime" : 76667.0,
    "minResTime" : 76662.0,
    "maxResTime" : 76948.0,
    "pct1ResTime" : 76858.7,
    "pct2ResTime" : 76913.0,
    "pct3ResTime" : 76923.99,
    "throughput" : 12.898232942086933,
    "receivedKBytesPerSec" : 34.24833532181091,
    "sentKBytesPerSec" : 0.0
  }
}