{
  "Total" : {
    "transaction" : "Total",
    "sampleCount" : 3000,
    "errorCount" : 0,
    "errorPct" : 0.0,
    "meanResTime" : 20175.45633333336,
    "medianResTime" : 18862.0,
    "minResTime" : 178.0,
    "maxResTime" : 86404.0,
    "pct1ResTime" : 38554.200000000004,
    "pct2ResTime" : 42356.79999999999,
    "pct3ResTime" : 56127.21999999994,
    "throughput" : 34.716998599747726,
    "receivedKBytesPerSec" : 326.1861822005948,
    "sentKBytesPerSec" : 5.1533044796500524
  },
  "Home" : {
    "transaction" : "Home",
    "sampleCount" : 1000,
    "errorCount" : 0,
    "errorPct" : 0.0,
    "meanResTime" : 30262.456,
    "medianResTime" : 30390.0,
    "minResTime" : 9901.0,
    "maxResTime" : 86404.0,
    "pct1ResTime" : 42061.9,
    "pct2ResTime" : 47541.849999999984,
    "pct3ResTime" : 63053.25000000001,
    "throughput" : 11.572332866582574,
    "receivedKBytesPerSec" : 163.0930911002974,
    "sentKBytesPerSec" : 2.5766522398250262
  },
  "Home-0" : {
    "transaction" : "Home-0",
    "sampleCount" : 1000,
    "errorCount" : 0,
    "errorPct" : 0.0,
    "meanResTime" : 7500.431000000002,
    "medianResTime" : 5847.5,
    "minResTime" : 1591.0,
    "maxResTime" : 54073.0,
    "pct1ResTime" : 17046.5,
    "pct2ResTime" : 19485.55,
    "pct3ResTime" : 51593.670000000035,
    "throughput" : 18.487705675725643,
    "receivedKBytesPerSec" : 9.532723239046033,
    "sentKBytesPerSec" : 2.022092808282492
  },
  "Home-1" : {
    "transaction" : "Home-1",
    "sampleCount" : 1000,
    "errorCount" : 0,
    "errorPct" : 0.0,
    "meanResTime" : 22763.482000000007,
    "medianResTime" : 21814.5,
    "minResTime" : 178.0,
    "maxResTime" : 80246.0,
    "pct1ResTime" : 37415.2,
    "pct2ResTime" : 41367.49999999999,
    "pct3ResTime" : 59112.82000000001,
    "throughput" : 11.833899388187401,
    "receivedKBytesPerSec" : 160.67758873945303,
    "sentKBytesPerSec" : 1.340558915068104
  }
}